no, grayscale, invert, icon
0,0.09594035148620605,0.2568659782409668,0.011804819107055664
1,0.09319806098937988,0.2531156539916992,0.012115240097045898
2,0.09293889999389648,0.25331735610961914,0.012009620666503906
3,0.09367132186889648,0.25305819511413574,0.012237548828125
4,0.09310245513916016,0.25272202491760254,0.012121915817260742
5,0.09329676628112793,0.2534792423248291,0.012145519256591797
6,0.09264826774597168,0.2532069683074951,0.011454105377197266
7,0.0930032730102539,0.2527906894683838,0.012254953384399414
8,0.09356379508972168,0.2537820339202881,0.011862039566040039
9,0.09284853935241699,0.2537384033203125,0.012725114822387695
10,0.09362649917602539,0.25388097763061523,0.011862039566040039
11,0.09289312362670898,0.2531583309173584,0.012199640274047852
12,0.09321022033691406,0.25339174270629883,0.012412309646606445
13,0.09341597557067871,0.2537689208984375,0.012910127639770508
14,0.09347820281982422,0.254439115524292,0.012396812438964844
15,0.09359955787658691,0.2537992000579834,0.012714862823486328
16,0.09374332427978516,0.2542264461517334,0.012657880783081055
17,0.09357738494873047,0.25389552116394043,0.012389183044433594
18,0.09357810020446777,0.2540245056152344,0.012359857559204102
19,0.0934591293334961,0.25382137298583984,0.012505531311035156
20,0.09346437454223633,0.2538905143737793,0.012074470520019531
21,0.09352564811706543,0.25421667098999023,0.012352466583251953
22,0.09376859664916992,0.2547943592071533,0.012552738189697266
23,0.0936436653137207,0.25412678718566895,0.01238250732421875
24,0.09338760375976562,0.25435757637023926,0.012629032135009766
25,0.0939629077911377,0.2546501159667969,0.01242208480834961
26,0.09370732307434082,0.2542860507965088,0.012096881866455078
27,0.09344267845153809,0.2540438175201416,0.012670278549194336
28,0.0937190055847168,0.25491809844970703,0.012215375900268555
29,0.09348011016845703,0.25415611267089844,0.012270927429199219
30,0.09353995323181152,0.2543191909790039,0.012326717376708984
31,0.09379315376281738,0.2544291019439697,0.012504816055297852
32,0.09388017654418945,0.2542440891265869,0.012276887893676758
33,0.09343934059143066,0.25406885147094727,0.01241445541381836
34,0.09317898750305176,0.2536661624908447,0.012343406677246094
35,0.09360003471374512,0.2538459300994873,0.01239323616027832
36,0.09314799308776855,0.2548329830169678,0.013089179992675781
37,0.09337353706359863,0.25426244735717773,0.01205301284790039
38,0.09367537498474121,0.2540102005004883,0.01212453842163086
39,0.09363913536071777,0.2544429302215576,0.012514829635620117
40,0.09342193603515625,0.25395750999450684,0.012168169021606445
41,0.09372210502624512,0.2540555000305176,0.0123291015625
42,0.09349393844604492,0.25422024726867676,0.012059211730957031
43,0.09351205825805664,0.25408482551574707,0.012588739395141602
44,0.09334897994995117,0.25463390350341797,0.012323141098022461
45,0.09374332427978516,0.2541928291320801,0.012430667877197266
46,0.09351301193237305,0.25490403175354004,0.012523651123046875
47,0.09352588653564453,0.2543768882751465,0.0125579833984375
48,0.09360361099243164,0.2538130283355713,0.01209259033203125
49,0.0934758186340332,0.2543652057647705,0.01255035400390625
50,0.09360909461975098,0.2545657157897949,0.012497186660766602
51,0.09366297721862793,0.2545027732849121,0.012219429016113281
52,0.09338188171386719,0.25415682792663574,0.012115478515625
53,0.0935370922088623,0.254685640335083,0.012259483337402344
54,0.09344315528869629,0.25429582595825195,0.012421369552612305
55,0.09328007698059082,0.2542154788970947,0.012450218200683594
56,0.09408235549926758,0.2549145221710205,0.01214742660522461
57,0.0935826301574707,0.2537689208984375,0.012232780456542969
58,0.09341716766357422,0.2545003890991211,0.012929916381835938
59,0.09396553039550781,0.2543625831604004,0.012729644775390625
60,0.09364676475524902,0.25409960746765137,0.012566804885864258
61,0.0933675765991211,0.2546842098236084,0.012872457504272461
62,0.09338927268981934,0.25432682037353516,0.012087821960449219
63,0.09348773956298828,0.2546825408935547,0.012467622756958008
64,0.09357166290283203,0.25453734397888184,0.012569427490234375
65,0.09344077110290527,0.2546536922454834,0.012301445007324219
66,0.09359097480773926,0.25441813468933105,0.012350320816040039
67,0.0936741828918457,0.2547292709350586,0.012601137161254883
68,0.09346532821655273,0.25450706481933594,0.012583494186401367
69,0.09344053268432617,0.25458455085754395,0.012571096420288086
70,0.09437775611877441,0.2550194263458252,0.012936592102050781
71,0.09398865699768066,0.2544417381286621,0.012593746185302734
72,0.09328961372375488,0.2545285224914551,0.012423276901245117
73,0.09376168251037598,0.25449681282043457,0.012233257293701172
74,0.09371113777160645,0.2539548873901367,0.012740612030029297
75,0.0936737060546875,0.25440239906311035,0.012481689453125
76,0.09339356422424316,0.2544565200805664,0.01221776008605957
77,0.09348583221435547,0.2545335292816162,0.01254582405090332
78,0.0939943790435791,0.2542579174041748,0.012019634246826172
79,0.09281134605407715,0.2536165714263916,0.01202535629272461
80,0.0927729606628418,0.2539668083190918,0.011728525161743164
81,0.09315896034240723,0.2537243366241455,0.011932611465454102
82,0.09300947189331055,0.2536475658416748,0.012029886245727539
83,0.09320712089538574,0.2541344165802002,0.012053966522216797
84,0.09286332130432129,0.25358104705810547,0.011867523193359375
85,0.09311819076538086,0.25354719161987305,0.012186527252197266
86,0.09287095069885254,0.25300049781799316,0.011780738830566406
87,0.09296965599060059,0.2530484199523926,0.011969804763793945
88,0.09293270111083984,0.2535674571990967,0.011975526809692383
89,0.09283781051635742,0.2532644271850586,0.011778116226196289
90,0.09293675422668457,0.25344395637512207,0.011918067932128906
91,0.09308743476867676,0.25348782539367676,0.012169837951660156
92,0.09292316436767578,0.25378918647766113,0.011835336685180664
93,0.09296989440917969,0.2534365653991699,0.011937618255615234
94,0.09284162521362305,0.25334692001342773,0.012003421783447266
95,0.09303951263427734,0.25314903259277344,0.012011289596557617
96,0.09286046028137207,0.25379133224487305,0.011900186538696289
97,0.09310793876647949,0.2533855438232422,0.012207508087158203
98,0.09325242042541504,0.2535421848297119,0.012164831161499023
99,0.0930185317993164,0.25365567207336426,0.011877059936523438
100,0.09328770637512207,0.2535078525543213,0.01185464859008789
101,0.09358620643615723,0.25397658348083496,0.012319326400756836
102,0.09298491477966309,0.2534189224243164,0.012020587921142578
103,0.09342384338378906,0.2534065246582031,0.011708736419677734
104,0.09285998344421387,0.253889799118042,0.012062311172485352
105,0.09273529052734375,0.25310230255126953,0.012084484100341797
106,0.09317278861999512,0.25362110137939453,0.012393474578857422
107,0.09308838844299316,0.2532987594604492,0.011939764022827148
108,0.09309148788452148,0.25303220748901367,0.011844873428344727
109,0.09303784370422363,0.25362253189086914,0.011808395385742188
110,0.09276771545410156,0.25287652015686035,0.011680841445922852
111,0.09270119667053223,0.25380730628967285,0.01216435432434082
112,0.09283328056335449,0.2532508373260498,0.01209402084350586
113,0.09328031539916992,0.25329017639160156,0.011701345443725586
114,0.09281420707702637,0.25317811965942383,0.012037515640258789
115,0.09286689758300781,0.2535130977630615,0.012003183364868164
116,0.09293270111083984,0.25327372550964355,0.012128353118896484
117,0.09297776222229004,0.2532031536102295,0.012160301208496094
118,0.09287023544311523,0.2537963390350342,0.011857986450195312
119,0.09343743324279785,0.2542107105255127,0.012152671813964844
120,0.0934593677520752,0.2533416748046875,0.01188206672668457
121,0.0931539535522461,0.25377702713012695,0.011721372604370117
122,0.09337115287780762,0.2534956932067871,0.012045621871948242
123,0.09310030937194824,0.25361108779907227,0.011821508407592773
124,0.0930166244506836,0.2537834644317627,0.012090921401977539
125,0.09341716766357422,0.25318002700805664,0.011759042739868164
126,0.09308481216430664,0.2531247138977051,0.011826276779174805
127,0.09357190132141113,0.253246545791626,0.011931896209716797
128,0.0928955078125,0.25374794006347656,0.012243509292602539
129,0.09309244155883789,0.25357913970947266,0.012140989303588867
130,0.09322595596313477,0.2532997131347656,0.011710882186889648
131,0.09280252456665039,0.25350046157836914,0.011636734008789062
132,0.09247207641601562,0.25347089767456055,0.012037992477416992
133,0.09287261962890625,0.25350260734558105,0.01204371452331543
134,0.0932168960571289,0.2531700134277344,0.011992216110229492
135,0.0932321548461914,0.2533740997314453,0.01225137710571289
136,0.0933072566986084,0.2540137767791748,0.012123823165893555
137,0.09327554702758789,0.2533869743347168,0.011700630187988281
138,0.09283304214477539,0.2540857791900635,0.011996984481811523
139,0.09297561645507812,0.2536952495574951,0.011946678161621094
140,0.09308600425720215,0.2534816265106201,0.011892318725585938
141,0.09300589561462402,0.25408935546875,0.011726140975952148
142,0.09292864799499512,0.25335168838500977,0.012344837188720703
143,0.0935068130493164,0.25429248809814453,0.012829065322875977
144,0.09368729591369629,0.253664493560791,0.012677907943725586
145,0.09378290176391602,0.25382018089294434,0.012786865234375
146,0.09363794326782227,0.25435400009155273,0.012793540954589844
147,0.09403753280639648,0.254514217376709,0.012585163116455078
148,0.09414458274841309,0.25405097007751465,0.012460708618164062
149,0.0939643383026123,0.25383901596069336,0.012873649597167969
150,0.09433388710021973,0.2548403739929199,0.012896537780761719
151,0.09414935111999512,0.25380468368530273,0.01257777214050293
152,0.09372210502624512,0.25468897819519043,0.012890100479125977
153,0.0938577651977539,0.2541680335998535,0.012407064437866211
154,0.09357166290283203,0.25378918647766113,0.012159109115600586
155,0.09409880638122559,0.25403738021850586,0.012171268463134766
156,0.09391093254089355,0.253948450088501,0.01215815544128418
157,0.0936579704284668,0.2539663314819336,0.012108087539672852
158,0.09430217742919922,0.25463104248046875,0.012287378311157227
159,0.09392118453979492,0.2536187171936035,0.012511491775512695
160,0.0939176082611084,0.2539072036743164,0.012224912643432617
161,0.09384679794311523,0.25388216972351074,0.012201547622680664
162,0.0936133861541748,0.2545640468597412,0.01238250732421875
163,0.09366750717163086,0.2537667751312256,0.012531518936157227
164,0.09360718727111816,0.25392913818359375,0.01240229606628418
165,0.09406065940856934,0.25388646125793457,0.012743711471557617
166,0.093597412109375,0.25482964515686035,0.012262344360351562
167,0.09395289421081543,0.25469231605529785,0.012591361999511719
168,0.09360122680664062,0.2541177272796631,0.012361526489257812
169,0.0937964916229248,0.25423622131347656,0.01260519027709961
170,0.09365105628967285,0.2539196014404297,0.011853694915771484
171,0.09330558776855469,0.25280117988586426,0.011974334716796875
172,0.09323811531066895,0.25383520126342773,0.011768817901611328
173,0.09305810928344727,0.2526590824127197,0.011964559555053711
174,0.09313488006591797,0.25296688079833984,0.012355566024780273
175,0.09368443489074707,0.25409555435180664,0.012019634246826172
176,0.09307289123535156,0.25314879417419434,0.012031316757202148
177,0.09299159049987793,0.25318241119384766,0.011879682540893555
178,0.09292411804199219,0.2529299259185791,0.011759519577026367
179,0.09317684173583984,0.25269532203674316,0.011759042739868164
180,0.0925753116607666,0.25249457359313965,0.011652231216430664
181,0.09285211563110352,0.25337839126586914,0.012174606323242188
182,0.09308457374572754,0.2532479763031006,0.012087106704711914
183,0.09330463409423828,0.2532618045806885,0.012146234512329102
184,0.09316682815551758,0.25350093841552734,0.011504888534545898
185,0.09313273429870605,0.2529025077819824,0.0119476318359375
186,0.09291386604309082,0.2531251907348633,0.011999845504760742
187,0.09317159652709961,0.25281476974487305,0.012021780014038086
188,0.09268450736999512,0.25299501419067383,0.011566400527954102
189,0.09325623512268066,0.2535400390625,0.011598348617553711
190,0.09279417991638184,0.2530045509338379,0.011775016784667969
191,0.09299302101135254,0.25318431854248047,0.011941909790039062
192,0.09365963935852051,0.2536630630493164,0.01202249526977539
193,0.09328436851501465,0.2531435489654541,0.011958837509155273
194,0.0926828384399414,0.25293612480163574,0.011681795120239258
195,0.09305524826049805,0.252962589263916,0.011955022811889648
196,0.09322786331176758,0.253432035446167,0.01161956787109375
197,0.0928659439086914,0.2527937889099121,0.012146234512329102
198,0.09339666366577148,0.2531161308288574,0.01142120361328125
199,0.0931544303894043,0.25309300422668457,0.011865615844726562
200,0.09297013282775879,0.2537379264831543,0.012042999267578125
201,0.09327483177185059,0.25327277183532715,0.011826753616333008
202,0.09272193908691406,0.25325751304626465,0.011490345001220703
203,0.09270191192626953,0.25300121307373047,0.012100458145141602
204,0.09276151657104492,0.25318336486816406,0.011679649353027344
205,0.09321928024291992,0.2534024715423584,0.011928796768188477
206,0.09268426895141602,0.25322675704956055,0.011671781539916992
207,0.09357166290283203,0.25281476974487305,0.011603355407714844
208,0.09359884262084961,0.2536144256591797,0.011602163314819336
209,0.09328770637512207,0.25338101387023926,0.011838197708129883
210,0.09321784973144531,0.25267815589904785,0.011790752410888672
211,0.0931084156036377,0.25330400466918945,0.011922359466552734
212,0.09326744079589844,0.253248929977417,0.011772394180297852
213,0.09281635284423828,0.2526853084564209,0.011934518814086914
214,0.09306097030639648,0.2538430690765381,0.012257099151611328
215,0.09298920631408691,0.2527129650115967,0.012151718139648438
216,0.09348487854003906,0.2535514831542969,0.011752605438232422
217,0.09290504455566406,0.25381040573120117,0.011760473251342773
218,0.09292125701904297,0.25284886360168457,0.011439085006713867
219,0.09290313720703125,0.25283050537109375,0.011941671371459961
220,0.09295296669006348,0.25330543518066406,0.011907100677490234
221,0.09319710731506348,0.2529420852661133,0.01170802116394043
222,0.09343671798706055,0.2532510757446289,0.011735200881958008
223,0.09311747550964355,0.25347089767456055,0.012124300003051758
224,0.09329509735107422,0.25313782691955566,0.011560678482055664
225,0.09293460845947266,0.2530174255371094,0.011693000793457031
226,0.0934150218963623,0.2533872127532959,0.011604785919189453
227,0.09280848503112793,0.25295352935791016,0.012006282806396484
228,0.09268736839294434,0.2531752586364746,0.01176595687866211
229,0.09305119514465332,0.25368452072143555,0.011997699737548828
230,0.09275388717651367,0.2530646324157715,0.011716127395629883
231,0.09273314476013184,0.25333690643310547,0.012166500091552734
232,0.0930633544921875,0.2534477710723877,0.012664556503295898
233,0.09305405616760254,0.25280022621154785,0.012037277221679688
234,0.09287691116333008,0.2537965774536133,0.011861801147460938
235,0.09305477142333984,0.2532622814178467,0.011974811553955078
236,0.0927431583404541,0.2534017562866211,0.011743545532226562
237,0.0928046703338623,0.2531747817993164,0.01233983039855957
238,0.09293270111083984,0.2528853416442871,0.011963129043579102
239,0.09301233291625977,0.253126859664917,0.011791467666625977
240,0.09300017356872559,0.2533998489379883,0.01205897331237793
241,0.09313750267028809,0.25278568267822266,0.011840581893920898
242,0.09284162521362305,0.252946138381958,0.01171255111694336
243,0.0931401252746582,0.2534468173980713,0.011725664138793945
244,0.09294939041137695,0.2526895999908447,0.011648416519165039
245,0.09271931648254395,0.2529904842376709,0.011469841003417969
246,0.09328365325927734,0.25339841842651367,0.011670589447021484
247,0.09338092803955078,0.2530057430267334,0.011808633804321289
248,0.09302330017089844,0.25310492515563965,0.012391805648803711
249,0.09314894676208496,0.2530379295349121,0.011868476867675781
250,0.09298563003540039,0.25499820709228516,0.01190638542175293
251,0.09323000907897949,0.2532839775085449,0.01208353042602539
252,0.09328579902648926,0.25321483612060547,0.011734724044799805
253,0.0928351879119873,0.2528979778289795,0.012081384658813477
254,0.093505859375,0.2536756992340088,0.012098312377929688
255,0.09333443641662598,0.25341343879699707,0.012228250503540039
256,0.0928647518157959,0.25299572944641113,0.01153254508972168
257,0.09297537803649902,0.25316953659057617,0.012085437774658203
258,0.09313464164733887,0.25328755378723145,0.01183938980102539
259,0.09298014640808105,0.25327396392822266,0.011897563934326172
260,0.09293675422668457,0.2533097267150879,0.011888504028320312
261,0.0933082103729248,0.25295257568359375,0.011951684951782227
262,0.0931389331817627,0.25350046157836914,0.011794090270996094
263,0.0930788516998291,0.25315356254577637,0.011603355407714844
264,0.09286093711853027,0.2528092861175537,0.011856555938720703
265,0.09287190437316895,0.2529408931732178,0.011809825897216797
266,0.09311461448669434,0.25305819511413574,0.011671066284179688
267,0.09330582618713379,0.2525064945220947,0.011887550354003906
268,0.09281039237976074,0.25311946868896484,0.011896610260009766
269,0.09288692474365234,0.2532210350036621,0.011540412902832031
270,0.09346175193786621,0.252854585647583,0.012148618698120117
271,0.09283065795898438,0.2528572082519531,0.012099027633666992
272,0.09336519241333008,0.25319933891296387,0.011631250381469727
273,0.09300971031188965,0.2535722255706787,0.011912107467651367
274,0.09342575073242188,0.25281810760498047,0.011821746826171875
275,0.09286093711853027,0.25304460525512695,0.0118255615234375
276,0.09267807006835938,0.25309252738952637,0.01212763786315918
277,0.09304237365722656,0.2528860569000244,0.01177978515625
278,0.09326505661010742,0.25330424308776855,0.011941671371459961
279,0.09337973594665527,0.2527954578399658,0.011849641799926758
280,0.09291696548461914,0.25360608100891113,0.011659383773803711
281,0.09352970123291016,0.25327324867248535,0.012051105499267578
282,0.09289288520812988,0.2528567314147949,0.011571407318115234
283,0.09312987327575684,0.2533299922943115,0.011631965637207031
284,0.09299063682556152,0.25313687324523926,0.011455535888671875
285,0.09283876419067383,0.2529418468475342,0.011717081069946289
286,0.09313416481018066,0.2528867721557617,0.011573076248168945
287,0.09318709373474121,0.25323963165283203,0.011797904968261719
288,0.09289216995239258,0.2538766860961914,0.01185750961303711
289,0.09277033805847168,0.25290799140930176,0.011666536331176758
290,0.09314084053039551,0.2530238628387451,0.012031316757202148
291,0.09299421310424805,0.25318217277526855,0.012185335159301758
292,0.09355616569519043,0.2533895969390869,0.011788129806518555
293,0.09347248077392578,0.2532355785369873,0.01208806037902832
294,0.09329438209533691,0.25264620780944824,0.011885404586791992
295,0.09316420555114746,0.25312256813049316,0.011879205703735352
296,0.09311795234680176,0.25315070152282715,0.01175236701965332
297,0.09304070472717285,0.2530639171600342,0.011759042739868164
298,0.09281301498413086,0.25334715843200684,0.01188802719116211
299,0.09315896034240723,0.2531743049621582,0.012236356735229492
300,0.09344840049743652,0.25336527824401855,0.011527061462402344
301,0.09279704093933105,0.25284433364868164,0.011783123016357422
302,0.09350442886352539,0.25281739234924316,0.01194620132446289
303,0.09318280220031738,0.2528526782989502,0.011850118637084961
304,0.0929872989654541,0.2528386116027832,0.011804819107055664
305,0.0931699275970459,0.253554105758667,0.011789083480834961
306,0.09335732460021973,0.2530553340911865,0.011793136596679688
307,0.09302902221679688,0.25281524658203125,0.011482477188110352
308,0.09277510643005371,0.25290441513061523,0.011772632598876953
309,0.0929098129272461,0.25262999534606934,0.012147903442382812
310,0.09284853935241699,0.25291895866394043,0.012093544006347656
311,0.09291338920593262,0.2529900074005127,0.011876344680786133
312,0.09261226654052734,0.25310564041137695,0.011838912963867188
313,0.09366416931152344,0.253220796585083,0.011717557907104492
314,0.09285306930541992,0.2532217502593994,0.011980772018432617
315,0.09294581413269043,0.2534792423248291,0.011876106262207031
316,0.09305095672607422,0.25276756286621094,0.011647224426269531
317,0.09356808662414551,0.2538127899169922,0.011758565902709961
318,0.09299731254577637,0.2530944347381592,0.011696100234985352
319,0.09305000305175781,0.25366783142089844,0.011969566345214844
320,0.0929720401763916,0.25339579582214355,0.01189565658569336
321,0.09289765357971191,0.25307583808898926,0.011767387390136719
322,0.09322619438171387,0.25296664237976074,0.011742830276489258
323,0.09309530258178711,0.25316882133483887,0.0121307373046875
324,0.09304451942443848,0.25278377532958984,0.011739253997802734
325,0.09293746948242188,0.25295400619506836,0.012001991271972656
326,0.09289813041687012,0.2531106472015381,0.011528253555297852
327,0.09311485290527344,0.25312018394470215,0.011864423751831055
328,0.09298419952392578,0.2530338764190674,0.01186680793762207
329,0.09369134902954102,0.2533071041107178,0.011905670166015625
330,0.09294486045837402,0.2526512145996094,0.011625289916992188
331,0.0925445556640625,0.2531888484954834,0.011861562728881836
332,0.09304237365722656,0.25324225425720215,0.011603832244873047
333,0.09286999702453613,0.253373384475708,0.01173543930053711
334,0.09299063682556152,0.2538013458251953,0.011894464492797852
335,0.09307527542114258,0.2532844543457031,0.011566162109375
336,0.09326171875,0.2527189254760742,0.01172780990600586
337,0.09310150146484375,0.25341343879699707,0.011733055114746094
338,0.09364032745361328,0.2530035972595215,0.011738061904907227
339,0.09280681610107422,0.25290989875793457,0.01206660270690918
340,0.09289860725402832,0.253676176071167,0.011577606201171875
341,0.09299349784851074,0.25332021713256836,0.011570930480957031
342,0.09273886680603027,0.253481388092041,0.011891603469848633
343,0.09302330017089844,0.25400471687316895,0.01162862777709961
344,0.09317374229431152,0.2546112537384033,0.011603116989135742
345,0.09289717674255371,0.2536954879760742,0.012055397033691406
346,0.09328699111938477,0.25368475914001465,0.011928796768188477
347,0.09298372268676758,0.25321102142333984,0.011883735656738281
348,0.09290242195129395,0.2542862892150879,0.012118101119995117
349,0.09302020072937012,0.253584623336792,0.011861085891723633
350,0.0932769775390625,0.2536156177520752,0.012332677841186523
351,0.09337997436523438,0.2537722587585449,0.011995553970336914
352,0.09300422668457031,0.2538414001464844,0.011365652084350586
353,0.09308195114135742,0.2532174587249756,0.011711359024047852
354,0.09351849555969238,0.2538142204284668,0.011401653289794922
355,0.0927729606628418,0.2529466152191162,0.012135982513427734
356,0.09334564208984375,0.2536303997039795,0.011737823486328125
357,0.0935811996459961,0.2539496421813965,0.01199960708618164
358,0.09278154373168945,0.25383973121643066,0.011717796325683594
359,0.0928351879119873,0.2543339729309082,0.011959075927734375
360,0.09315609931945801,0.25354814529418945,0.01189732551574707
361,0.0932474136352539,0.2533254623413086,0.011796236038208008
362,0.09280085563659668,0.25393056869506836,0.011982917785644531
363,0.0934152603149414,0.25341010093688965,0.012011528015136719
364,0.09325480461120605,0.253892183303833,0.011777639389038086
365,0.0929725170135498,0.2536888122558594,0.011942863464355469
366,0.09316182136535645,0.253558874130249,0.011898279190063477
367,0.09304594993591309,0.2536945343017578,0.011568307876586914
368,0.09326910972595215,0.25424933433532715,0.011553049087524414
369,0.09356689453125,0.2536506652832031,0.011592864990234375
370,0.09291911125183105,0.2532839775085449,0.011945486068725586
371,0.09338045120239258,0.2539377212524414,0.011946916580200195
372,0.0933382511138916,0.25368523597717285,0.011717557907104492
373,0.09314250946044922,0.2533266544342041,0.011711597442626953
374,0.09281396865844727,0.2535054683685303,0.011966228485107422
375,0.0930025577545166,0.2535727024078369,0.0117034912109375
376,0.09311819076538086,0.2539644241333008,0.011964082717895508
377,0.09287428855895996,0.2532799243927002,0.011647939682006836
378,0.09310269355773926,0.2532491683959961,0.011700153350830078
379,0.09286022186279297,0.2535085678100586,0.011892080307006836
380,0.09308290481567383,0.2534506320953369,0.01158761978149414
381,0.09313654899597168,0.25337910652160645,0.011685609817504883
382,0.09315919876098633,0.2539374828338623,0.011843681335449219
383,0.09332990646362305,0.25360584259033203,0.011890172958374023
384,0.09294819831848145,0.25359535217285156,0.011690616607666016
385,0.09337139129638672,0.2538280487060547,0.012071371078491211
386,0.09293127059936523,0.25373148918151855,0.012024879455566406
387,0.0932157039642334,0.2534196376800537,0.011909246444702148
388,0.09368729591369629,0.25385594367980957,0.012036323547363281
389,0.09377479553222656,0.25366663932800293,0.01171731948852539
390,0.09286785125732422,0.2538139820098877,0.01200723648071289
391,0.09317588806152344,0.2536745071411133,0.012144088745117188
392,0.09326386451721191,0.2533552646636963,0.011600017547607422
393,0.09322285652160645,0.2537112236022949,0.011760711669921875
394,0.09302997589111328,0.2532496452331543,0.011975765228271484
395,0.09333515167236328,0.2535421848297119,0.01211237907409668
396,0.09317684173583984,0.25426149368286133,0.0117950439453125
397,0.09354066848754883,0.25367140769958496,0.011960029602050781
398,0.09320807456970215,0.25392723083496094,0.01180887222290039
399,0.09307122230529785,0.2537696361541748,0.011902809143066406
400,0.09301495552062988,0.25348615646362305,0.011509180068969727
401,0.0932309627532959,0.2534499168395996,0.011682510375976562
402,0.0930929183959961,0.25367021560668945,0.012086868286132812
403,0.09353971481323242,0.2540137767791748,0.012029409408569336
404,0.09301495552062988,0.25389623641967773,0.012168407440185547
405,0.09319281578063965,0.25373148918151855,0.011766672134399414
406,0.0929877758026123,0.2537558078765869,0.011616230010986328
407,0.09306192398071289,0.2539067268371582,0.011800765991210938
408,0.0932765007019043,0.25371718406677246,0.011530876159667969
409,0.09310650825500488,0.2533752918243408,0.011844635009765625
410,0.09311985969543457,0.2539067268371582,0.012144804000854492
411,0.09338545799255371,0.25383687019348145,0.012005329132080078
412,0.09303808212280273,0.25397825241088867,0.011500120162963867
413,0.0936422348022461,0.2539093494415283,0.011681795120239258
414,0.09356379508972168,0.253603458404541,0.011481761932373047
415,0.09314727783203125,0.2536797523498535,0.012037038803100586
416,0.09309673309326172,0.25406956672668457,0.012387752532958984
417,0.09332609176635742,0.25373244285583496,0.011874675750732422
418,0.0933387279510498,0.25403404235839844,0.011568546295166016
419,0.09303545951843262,0.2534809112548828,0.011904478073120117
420,0.09288907051086426,0.2539527416229248,0.011540889739990234
421,0.0932459831237793,0.2536799907684326,0.011739492416381836
422,0.0930318832397461,0.25396275520324707,0.012124061584472656
423,0.09350013732910156,0.25331592559814453,0.01174163818359375
424,0.09290146827697754,0.25385475158691406,0.012044668197631836
425,0.09319353103637695,0.25363874435424805,0.011763334274291992
426,0.09292888641357422,0.25354933738708496,0.011873245239257812
427,0.09337425231933594,0.2535557746887207,0.012151718139648438
428,0.09310722351074219,0.25354909896850586,0.011904239654541016
429,0.09312987327575684,0.2537693977355957,0.011802434921264648
430,0.09269905090332031,0.2534205913543701,0.011963605880737305
431,0.09282970428466797,0.2537574768066406,0.011677742004394531
432,0.09315347671508789,0.2538723945617676,0.01175999641418457
433,0.09296202659606934,0.2539215087890625,0.012279272079467773
434,0.09329748153686523,0.2539632320404053,0.01202082633972168
435,0.09277009963989258,0.2534797191619873,0.011677026748657227
436,0.09269237518310547,0.2537097930908203,0.011669158935546875
437,0.0925593376159668,0.253201961517334,0.011894464492797852
438,0.09293723106384277,0.25328922271728516,0.011855602264404297
439,0.09333300590515137,0.25394701957702637,0.011523723602294922
440,0.09348773956298828,0.2535264492034912,0.012078046798706055
441,0.09295153617858887,0.2533276081085205,0.011608123779296875
442,0.09296989440917969,0.253570556640625,0.011671781539916992
443,0.0930485725402832,0.2534008026123047,0.011587142944335938
444,0.09294700622558594,0.2534308433532715,0.011983156204223633
445,0.09327340126037598,0.2536153793334961,0.011828422546386719
446,0.09369421005249023,0.25366854667663574,0.011732816696166992
447,0.09331941604614258,0.2535858154296875,0.011962175369262695
448,0.09314346313476562,0.2534372806549072,0.011550664901733398
449,0.09292006492614746,0.2537813186645508,0.012331724166870117
450,0.0930180549621582,0.2537193298339844,0.01183629035949707
451,0.09286165237426758,0.25348854064941406,0.012063980102539062
452,0.09371590614318848,0.2534630298614502,0.011810302734375
453,0.09293603897094727,0.25369715690612793,0.011835575103759766
454,0.09302496910095215,0.2540469169616699,0.011774301528930664
455,0.09318876266479492,0.2536623477935791,0.011910200119018555
456,0.09302878379821777,0.25407862663269043,0.01156759262084961
457,0.09325098991394043,0.2541060447692871,0.011945009231567383
458,0.09315872192382812,0.25377488136291504,0.011637449264526367
459,0.09348106384277344,0.2537872791290283,0.01212453842163086
460,0.0930929183959961,0.2537357807159424,0.011717557907104492
461,0.0930488109588623,0.2532320022583008,0.01191091537475586
462,0.09302234649658203,0.25367069244384766,0.011740922927856445
463,0.09308099746704102,0.25342297554016113,0.011455059051513672
464,0.0934755802154541,0.25385403633117676,0.011969804763793945
465,0.09315133094787598,0.25356435775756836,0.011728048324584961
466,0.09324049949645996,0.25322771072387695,0.011541128158569336
467,0.09314298629760742,0.25357651710510254,0.011670589447021484
468,0.09310436248779297,0.2538633346557617,0.011786222457885742
469,0.09313273429870605,0.2535378932952881,0.01169729232788086
470,0.09288978576660156,0.2537214756011963,0.012101888656616211
471,0.093109130859375,0.25364065170288086,0.011977195739746094
472,0.09302258491516113,0.2533423900604248,0.011935234069824219
473,0.0934000015258789,0.2539708614349365,0.011942148208618164
474,0.09332847595214844,0.25432324409484863,0.011685609817504883
475,0.09285426139831543,0.2532975673675537,0.012181758880615234
476,0.09323644638061523,0.25386786460876465,0.011775732040405273
477,0.09306979179382324,0.25374841690063477,0.011429309844970703
478,0.09305071830749512,0.253983736038208,0.011794328689575195
479,0.09299397468566895,0.25321125984191895,0.011884927749633789
480,0.09302401542663574,0.253795862197876,0.011557340621948242
481,0.09294486045837402,0.25397443771362305,0.012256145477294922
482,0.09307718276977539,0.2539997100830078,0.012307882308959961
483,0.09330940246582031,0.2534341812133789,0.011541604995727539
484,0.09318923950195312,0.25382447242736816,0.011793136596679688
485,0.09315729141235352,0.2534964084625244,0.012104272842407227
486,0.0928807258605957,0.25339174270629883,0.011671304702758789
487,0.09337782859802246,0.25408244132995605,0.01184844970703125
488,0.09291982650756836,0.2538168430328369,0.01195526123046875
489,0.09298038482666016,0.2540104389190674,0.011700153350830078
490,0.09314250946044922,0.25386810302734375,0.011908292770385742
491,0.09342455863952637,0.2532541751861572,0.011943578720092773
492,0.09289336204528809,0.25359344482421875,0.011514902114868164
493,0.0931406021118164,0.2540316581726074,0.012128114700317383
494,0.09306073188781738,0.25383543968200684,0.01186227798461914
495,0.0929255485534668,0.25348973274230957,0.011783123016357422
496,0.09329819679260254,0.2535722255706787,0.011498451232910156
497,0.09367537498474121,0.25380921363830566,0.011528730392456055
498,0.09339547157287598,0.25347328186035156,0.011755943298339844
499,0.09338068962097168,0.2533750534057617,0.01187443733215332
500,0.09291672706604004,0.25333476066589355,0.01161503791809082
501,0.09294581413269043,0.2537243366241455,0.011962413787841797
502,0.09313321113586426,0.2538943290710449,0.011960029602050781
503,0.09304165840148926,0.2535068988800049,0.011779069900512695
504,0.09366965293884277,0.25399231910705566,0.011924505233764648
505,0.09327507019042969,0.25347208976745605,0.011883258819580078
506,0.09295392036437988,0.25363850593566895,0.011681079864501953
507,0.09301638603210449,0.25404810905456543,0.011834859848022461
508,0.09306454658508301,0.2532687187194824,0.011548280715942383
509,0.09296417236328125,0.2538635730743408,0.011909723281860352
510,0.09333658218383789,0.25438737869262695,0.011911392211914062
511,0.0930330753326416,0.25426220893859863,0.012169361114501953
512,0.09321832656860352,0.25359082221984863,0.012119770050048828
513,0.09332656860351562,0.25405263900756836,0.011898994445800781
514,0.09286808967590332,0.25377750396728516,0.011781692504882812
515,0.0934150218963623,0.2540004253387451,0.012013912200927734
516,0.09300756454467773,0.25401997566223145,0.01173543930053711
517,0.09283757209777832,0.2535398006439209,0.011798620223999023
518,0.09318232536315918,0.25424885749816895,0.012234210968017578
519,0.09355425834655762,0.25345420837402344,0.01173853874206543
520,0.09292364120483398,0.2535567283630371,0.01174163818359375
521,0.09291601181030273,0.2540717124938965,0.011976957321166992
522,0.09325075149536133,0.2534778118133545,0.012270689010620117
523,0.09297728538513184,0.2531571388244629,0.011760234832763672
524,0.09299349784851074,0.25395727157592773,0.01201319694519043
525,0.09315729141235352,0.25391387939453125,0.011889219284057617
526,0.09276247024536133,0.25382375717163086,0.011739969253540039
527,0.09340238571166992,0.2539222240447998,0.011661529541015625
528,0.09268569946289062,0.253448486328125,0.011721134185791016
529,0.09337234497070312,0.25415587425231934,0.011960268020629883
530,0.09293580055236816,0.2539534568786621,0.012253284454345703
531,0.09308242797851562,0.2538478374481201,0.011667490005493164
532,0.09347867965698242,0.2547440528869629,0.011990547180175781
533,0.09326744079589844,0.2534220218658447,0.011928558349609375
534,0.09281277656555176,0.2537961006164551,0.011994123458862305
535,0.09308862686157227,0.25392842292785645,0.01187586784362793
536,0.09287786483764648,0.2536437511444092,0.011859655380249023
537,0.09287118911743164,0.25428247451782227,0.011620044708251953
538,0.09279775619506836,0.25423455238342285,0.011777639389038086
539,0.0929100513458252,0.2532234191894531,0.011911392211914062
540,0.09295892715454102,0.2537720203399658,0.011913299560546875
541,0.09299659729003906,0.2535824775695801,0.011877775192260742
542,0.09271597862243652,0.25342321395874023,0.01177215576171875
543,0.09281682968139648,0.2537837028503418,0.012424230575561523
544,0.09329843521118164,0.25348496437072754,0.012054681777954102
545,0.09279704093933105,0.253558874130249,0.01178431510925293
546,0.09296917915344238,0.2537548542022705,0.011989355087280273
547,0.093170166015625,0.2536594867706299,0.012032270431518555
548,0.09300565719604492,0.25347471237182617,0.0118255615234375
549,0.09364485740661621,0.25433897972106934,0.011979103088378906
550,0.09355354309082031,0.25353384017944336,0.011818170547485352
551,0.09282279014587402,0.2539982795715332,0.011770248413085938
552,0.09319353103637695,0.2538118362426758,0.011990547180175781
553,0.09319591522216797,0.25350379943847656,0.01205897331237793
554,0.0929412841796875,0.25417160987854004,0.011701107025146484
555,0.09324455261230469,0.25397419929504395,0.012471675872802734
556,0.09317421913146973,0.25329160690307617,0.011450052261352539
557,0.0928802490234375,0.253725528717041,0.012053251266479492
558,0.09341669082641602,0.25398802757263184,0.011873483657836914
559,0.09332537651062012,0.253436803817749,0.012322425842285156
560,0.09325218200683594,0.25361084938049316,0.011834383010864258
561,0.0933997631072998,0.2541379928588867,0.012017250061035156
562,0.09342288970947266,0.2535898685455322,0.011698722839355469
563,0.09315991401672363,0.2539103031158447,0.012368917465209961
564,0.09386396408081055,0.2542238235473633,0.01195073127746582
565,0.09342002868652344,0.2536740303039551,0.011677026748657227
566,0.09339237213134766,0.2538487911224365,0.01190805435180664
567,0.0930943489074707,0.2540731430053711,0.012045860290527344
568,0.09295034408569336,0.25318002700805664,0.011962413787841797
569,0.09335565567016602,0.2539381980895996,0.011798858642578125
570,0.0931081771850586,0.25439882278442383,0.011741161346435547
571,0.09282350540161133,0.2533988952636719,0.012015104293823242
572,0.09328579902648926,0.25415539741516113,0.011783123016357422
573,0.0932626724243164,0.2540912628173828,0.011735200881958008
574,0.09328246116638184,0.2541654109954834,0.011864662170410156
575,0.09313392639160156,0.25389575958251953,0.012565851211547852
576,0.09365701675415039,0.2541167736053467,0.012045145034790039
577,0.09345197677612305,0.2537102699279785,0.012041807174682617
578,0.09355545043945312,0.2544393539428711,0.012361764907836914
579,0.09322452545166016,0.2538142204284668,0.011730194091796875
580,0.09311604499816895,0.2543458938598633,0.011854887008666992
581,0.09320569038391113,0.2538735866546631,0.012251615524291992
582,0.09297037124633789,0.25476646423339844,0.011865615844726562
583,0.09357929229736328,0.254260778427124,0.011972665786743164
584,0.09373664855957031,0.2540097236633301,0.011723518371582031
585,0.09353804588317871,0.2546412944793701,0.011926889419555664
586,0.09302186965942383,0.25392723083496094,0.011777639389038086
587,0.09314942359924316,0.2540156841278076,0.011830806732177734
588,0.09308767318725586,0.25409722328186035,0.012108087539672852
589,0.09306740760803223,0.2542119026184082,0.012143373489379883
590,0.09319067001342773,0.25365734100341797,0.01189112663269043
591,0.09310030937194824,0.2531092166900635,0.012172222137451172
592,0.09337949752807617,0.2540740966796875,0.011874675750732422
593,0.0931539535522461,0.25377726554870605,0.011842012405395508
594,0.09330248832702637,0.25426673889160156,0.0120849609375
595,0.09350204467773438,0.25427913665771484,0.012274026870727539
596,0.09288954734802246,0.2534613609313965,0.01203775405883789
597,0.09363126754760742,0.2539803981781006,0.011793851852416992
598,0.09322547912597656,0.2539021968841553,0.01188349723815918
599,0.0933539867401123,0.25418806076049805,0.011834859848022461
600,0.09333634376525879,0.2537360191345215,0.011742115020751953
601,0.09287786483764648,0.2537271976470947,0.011846542358398438
602,0.09361577033996582,0.25406551361083984,0.011958837509155273
603,0.09295320510864258,0.2539346218109131,0.01198720932006836
604,0.09322834014892578,0.254164457321167,0.011703729629516602
605,0.09319686889648438,0.25411319732666016,0.011681556701660156
606,0.09291291236877441,0.25394773483276367,0.012191295623779297
607,0.09333205223083496,0.2540132999420166,0.012400627136230469
608,0.09359574317932129,0.25462865829467773,0.011744499206542969
609,0.0934910774230957,0.2541778087615967,0.012127876281738281
610,0.09298372268676758,0.253678560256958,0.01210641860961914
611,0.0929412841796875,0.2538025379180908,0.01173543930053711
612,0.09334468841552734,0.2545790672302246,0.012084007263183594
613,0.09345149993896484,0.25458264350891113,0.011957645416259766
614,0.0931398868560791,0.2540435791015625,0.011666297912597656
615,0.09344053268432617,0.2542154788970947,0.011784791946411133
616,0.09325075149536133,0.2543752193450928,0.012091398239135742
617,0.09290480613708496,0.25415778160095215,0.01186990737915039
618,0.0934138298034668,0.2537834644317627,0.011976957321166992
619,0.0929419994354248,0.2540719509124756,0.01197361946105957
620,0.09302377700805664,0.2546424865722656,0.012092828750610352
621,0.0937798023223877,0.2546672821044922,0.011953592300415039
622,0.09324193000793457,0.25411224365234375,0.011512279510498047
623,0.09315061569213867,0.2547314167022705,0.012034416198730469
624,0.09348511695861816,0.2537257671356201,0.01172780990600586
625,0.09311461448669434,0.2535860538482666,0.011852741241455078
626,0.0929117202758789,0.2539551258087158,0.011733055114746094
627,0.0935065746307373,0.25391292572021484,0.011942863464355469
628,0.09333038330078125,0.2537193298339844,0.01176142692565918
629,0.09323620796203613,0.25409436225891113,0.011931657791137695
630,0.09304666519165039,0.2539079189300537,0.011880159378051758
631,0.09372067451477051,0.25391602516174316,0.012215852737426758
632,0.09319615364074707,0.2542452812194824,0.011685609817504883
633,0.09327411651611328,0.2540280818939209,0.011518239974975586
634,0.09305405616760254,0.2541849613189697,0.012071847915649414
635,0.0932762622833252,0.2535121440887451,0.01168203353881836
636,0.09314203262329102,0.25431156158447266,0.011857986450195312
637,0.09329915046691895,0.25418829917907715,0.012191534042358398
638,0.09321284294128418,0.2537708282470703,0.011943340301513672
639,0.09293127059936523,0.2535436153411865,0.011918306350708008
640,0.09328866004943848,0.25380802154541016,0.01211094856262207
641,0.09334039688110352,0.25394225120544434,0.012144088745117188
642,0.09317994117736816,0.2536334991455078,0.01182699203491211
643,0.09314274787902832,0.25419139862060547,0.012047052383422852
644,0.09347653388977051,0.2542088031768799,0.01177358627319336
645,0.09342670440673828,0.2538607120513916,0.011594295501708984
646,0.09331130981445312,0.2540147304534912,0.011691808700561523
647,0.09358596801757812,0.2540254592895508,0.01193547248840332
648,0.09291601181030273,0.25400733947753906,0.011940717697143555
649,0.09337711334228516,0.25444507598876953,0.012015104293823242
650,0.09368658065795898,0.25417327880859375,0.011690616607666016
651,0.09282422065734863,0.25353002548217773,0.011995553970336914
652,0.09321212768554688,0.2536618709564209,0.012038469314575195
653,0.09282040596008301,0.25396060943603516,0.011651277542114258
654,0.09305882453918457,0.2546532154083252,0.012209415435791016
655,0.09317421913146973,0.2540755271911621,0.01173710823059082
656,0.0936880111694336,0.25424790382385254,0.011916160583496094
657,0.09334468841552734,0.25437283515930176,0.012198209762573242
658,0.09299707412719727,0.2537846565246582,0.01169276237487793
659,0.09307575225830078,0.2540924549102783,0.011635780334472656
660,0.09382462501525879,0.253831148147583,0.01224827766418457
661,0.09330534934997559,0.25391340255737305,0.012009620666503906
662,0.09302926063537598,0.25394272804260254,0.01179194450378418
663,0.09307169914245605,0.2541539669036865,0.012052059173583984
664,0.09303998947143555,0.254382848739624,0.011821746826171875
665,0.09326791763305664,0.2541508674621582,0.011853456497192383
666,0.09329414367675781,0.25497865676879883,0.011819839477539062
667,0.09324479103088379,0.2539246082305908,0.011831045150756836
668,0.09295225143432617,0.2546854019165039,0.012142181396484375
669,0.0933985710144043,0.2538645267486572,0.011851072311401367
670,0.09302949905395508,0.2539844512939453,0.011957168579101562
671,0.09351325035095215,0.25470566749572754,0.012224197387695312
672,0.09348940849304199,0.2536280155181885,0.011703252792358398
673,0.09308290481567383,0.2539665699005127,0.01175236701965332
674,0.09291839599609375,0.25432538986206055,0.012139320373535156
675,0.0934305191040039,0.25403428077697754,0.011759757995605469
676,0.09363245964050293,0.25399088859558105,0.012068510055541992
677,0.09304356575012207,0.2543175220489502,0.011819601058959961
678,0.09303832054138184,0.2538173198699951,0.012174844741821289
679,0.0932612419128418,0.2535576820373535,0.011945247650146484
680,0.09321236610412598,0.25405144691467285,0.011909723281860352
681,0.0930473804473877,0.2537534236907959,0.0114593505859375
682,0.09311795234680176,0.2535228729248047,0.012044906616210938
683,0.09294652938842773,0.25417256355285645,0.011497259140014648
684,0.09305047988891602,0.2539398670196533,0.01192164421081543
685,0.09308505058288574,0.25409722328186035,0.012300252914428711
686,0.0936579704284668,0.2542397975921631,0.011526346206665039
687,0.09350728988647461,0.2533762454986572,0.011834859848022461
688,0.09300780296325684,0.2539374828338623,0.012000799179077148
689,0.09327411651611328,0.25366783142089844,0.011992216110229492
690,0.09309887886047363,0.2536900043487549,0.011790752410888672
691,0.09303545951843262,0.25394439697265625,0.01195836067199707
692,0.09342122077941895,0.2539825439453125,0.01191401481628418
693,0.09302449226379395,0.25430774688720703,0.012000560760498047
694,0.09315824508666992,0.25390625,0.012423992156982422
695,0.0928659439086914,0.25350451469421387,0.011673688888549805
696,0.09302520751953125,0.2536129951477051,0.01200556755065918
697,0.09315657615661621,0.2542541027069092,0.011722564697265625
698,0.09309625625610352,0.25428271293640137,0.011677742004394531
699,0.09356212615966797,0.2538306713104248,0.012032032012939453
700,0.09366989135742188,0.25446534156799316,0.011564970016479492
701,0.09304642677307129,0.2533993721008301,0.01184535026550293
702,0.09316849708557129,0.253770112991333,0.011940956115722656
703,0.09308552742004395,0.2539699077606201,0.012094974517822266
704,0.09355497360229492,0.2538278102874756,0.011880159378051758
705,0.09300947189331055,0.2540247440338135,0.011789560317993164
706,0.0933992862701416,0.2533586025238037,0.012045621871948242
707,0.09276509284973145,0.254305362701416,0.011876821517944336
708,0.09364104270935059,0.254119873046875,0.012057304382324219
709,0.09334206581115723,0.2534956932067871,0.01191258430480957
710,0.09297442436218262,0.25339627265930176,0.011975526809692383
711,0.09321069717407227,0.2539408206939697,0.012342691421508789
712,0.09345459938049316,0.2537670135498047,0.012169361114501953
713,0.09320449829101562,0.2537074089050293,0.012189865112304688
714,0.09337711334228516,0.2539558410644531,0.011985301971435547
715,0.09313821792602539,0.25401902198791504,0.011906862258911133
716,0.09277462959289551,0.25369858741760254,0.011759281158447266
717,0.09330558776855469,0.25404953956604004,0.011775732040405273
718,0.09314203262329102,0.2539684772491455,0.012000560760498047
719,0.0927591323852539,0.2536320686340332,0.011989355087280273
720,0.09332680702209473,0.25376129150390625,0.011822223663330078
721,0.09313821792602539,0.25342774391174316,0.011729955673217773
722,0.0933845043182373,0.25377774238586426,0.012223243713378906
723,0.0932164192199707,0.2539644241333008,0.011615753173828125
724,0.09321379661560059,0.2539691925048828,0.011822223663330078
725,0.0933375358581543,0.25380969047546387,0.012101173400878906
726,0.09275341033935547,0.253220796585083,0.011621236801147461
727,0.09331250190734863,0.2536342144012451,0.01163172721862793
728,0.0932459831237793,0.2542080879211426,0.011836051940917969
729,0.09335470199584961,0.25334811210632324,0.011776208877563477
730,0.09298110008239746,0.25390052795410156,0.0118560791015625
731,0.09355926513671875,0.2537965774536133,0.012107372283935547
732,0.09344005584716797,0.25414609909057617,0.012130975723266602
733,0.09322977066040039,0.25362539291381836,0.011782407760620117
734,0.09322166442871094,0.25413036346435547,0.012310504913330078
735,0.09298396110534668,0.25353503227233887,0.011907577514648438
736,0.0932307243347168,0.2537832260131836,0.012041807174682617
737,0.09305095672607422,0.25387001037597656,0.011673212051391602
738,0.09296393394470215,0.25308871269226074,0.011742591857910156
739,0.09325051307678223,0.25360918045043945,0.011874675750732422
740,0.09318757057189941,0.25362348556518555,0.012083053588867188
741,0.09339547157287598,0.2544093132019043,0.011869192123413086
742,0.09316086769104004,0.25373125076293945,0.011760711669921875
743,0.09300827980041504,0.25370025634765625,0.011797904968261719
744,0.09313607215881348,0.2539217472076416,0.011891603469848633
745,0.09292888641357422,0.25377941131591797,0.011879444122314453
746,0.09382486343383789,0.2540245056152344,0.01209402084350586
747,0.09355044364929199,0.2538430690765381,0.0117340087890625
748,0.0930323600769043,0.25381994247436523,0.011823177337646484
749,0.09288358688354492,0.25380945205688477,0.011562108993530273
750,0.09290742874145508,0.2530817985534668,0.011790275573730469
751,0.09332728385925293,0.2537839412689209,0.011690378189086914
752,0.09311199188232422,0.2539706230163574,0.012107372283935547
753,0.09311962127685547,0.25405192375183105,0.012081146240234375
754,0.09319043159484863,0.25382399559020996,0.011857986450195312
755,0.09280872344970703,0.25422096252441406,0.012183666229248047
756,0.09362411499023438,0.25388097763061523,0.012050628662109375
757,0.09361934661865234,0.253986120223999,0.011742115020751953
758,0.09326696395874023,0.2538583278656006,0.012283086776733398
759,0.09293866157531738,0.2532508373260498,0.012068033218383789
760,0.09309601783752441,0.25365233421325684,0.011823415756225586
761,0.09343409538269043,0.25418853759765625,0.011855840682983398
762,0.09342551231384277,0.2544999122619629,0.01218271255493164
763,0.09362387657165527,0.2537837028503418,0.012099266052246094
764,0.09376645088195801,0.2537412643432617,0.011464834213256836
765,0.09296369552612305,0.2542426586151123,0.0119781494140625
766,0.09299707412719727,0.2533702850341797,0.0120391845703125
767,0.09293079376220703,0.2533564567565918,0.011836051940917969
768,0.09292817115783691,0.2541615962982178,0.011783361434936523
769,0.09292101860046387,0.2542150020599365,0.011721372604370117
770,0.09306073188781738,0.25395750999450684,0.011814117431640625
771,0.09292340278625488,0.2532777786254883,0.011468648910522461
772,0.09301137924194336,0.25362420082092285,0.011754035949707031
773,0.0928034782409668,0.2537808418273926,0.011928081512451172
774,0.09319782257080078,0.2536036968231201,0.01181340217590332
775,0.0928347110748291,0.2536659240722656,0.011718273162841797
776,0.09331989288330078,0.2537500858306885,0.01172780990600586
777,0.09318399429321289,0.2539482116699219,0.011571407318115234
778,0.09369301795959473,0.25356364250183105,0.011721372604370117
779,0.09292125701904297,0.25379085540771484,0.011725187301635742
780,0.09310793876647949,0.2538738250732422,0.011849641799926758
781,0.09277462959289551,0.25435495376586914,0.011716842651367188
782,0.09361648559570312,0.25441575050354004,0.012075662612915039
783,0.09366917610168457,0.2539820671081543,0.012088775634765625
784,0.09314608573913574,0.25405287742614746,0.012096166610717773
785,0.09383726119995117,0.2545812129974365,0.011771440505981445
786,0.09328627586364746,0.25403738021850586,0.011524200439453125
787,0.09342312812805176,0.2536802291870117,0.011860370635986328
788,0.09296703338623047,0.2538576126098633,0.012082576751708984
789,0.0932626724243164,0.2539386749267578,0.012035846710205078
790,0.09314203262329102,0.25417304039001465,0.012082576751708984
791,0.09296512603759766,0.2537069320678711,0.011962652206420898
792,0.09325504302978516,0.25422143936157227,0.012329578399658203
793,0.09305524826049805,0.2536942958831787,0.011819601058959961
794,0.0932767391204834,0.2539825439453125,0.011733055114746094
795,0.09307599067687988,0.25349926948547363,0.011895418167114258
796,0.09305548667907715,0.25360989570617676,0.011695623397827148
797,0.09288239479064941,0.2537059783935547,0.011979341506958008
798,0.09302973747253418,0.25324296951293945,0.01227116584777832
799,0.09358596801757812,0.2543654441833496,0.01213216781616211
800,0.09349632263183594,0.25420188903808594,0.011920452117919922
801,0.09322118759155273,0.253464937210083,0.011614799499511719
802,0.09345531463623047,0.254131555557251,0.011756658554077148
803,0.09289431571960449,0.2534635066986084,0.011742115020751953
804,0.09281802177429199,0.2540781497955322,0.011892080307006836
805,0.09327960014343262,0.2539713382720947,0.011801719665527344
806,0.09318423271179199,0.2532501220703125,0.011888504028320312
807,0.09289002418518066,0.25348639488220215,0.012131452560424805
808,0.0932912826538086,0.254040002822876,0.012178897857666016
809,0.09333300590515137,0.253969669342041,0.012084484100341797
810,0.09355354309082031,0.2545156478881836,0.01241159439086914
811,0.0934903621673584,0.2541537284851074,0.01198887825012207
812,0.09303617477416992,0.2542722225189209,0.012047290802001953
813,0.0929875373840332,0.2545599937438965,0.011991739273071289
814,0.09320187568664551,0.2538163661956787,0.011952400207519531
815,0.09370994567871094,0.2541465759277344,0.011521100997924805
816,0.09311580657958984,0.25383543968200684,0.012118339538574219
817,0.09379768371582031,0.25388455390930176,0.012199163436889648
818,0.09311819076538086,0.2535710334777832,0.011831045150756836
819,0.09313416481018066,0.2544858455657959,0.011441946029663086
820,0.09295463562011719,0.2537233829498291,0.011527061462402344
821,0.09299612045288086,0.2538430690765381,0.011980295181274414
822,0.0932149887084961,0.25401997566223145,0.01168966293334961
823,0.09316563606262207,0.2533869743347168,0.011908769607543945
824,0.09359979629516602,0.2536323070526123,0.011899948120117188
825,0.09313225746154785,0.25405359268188477,0.012204647064208984
826,0.09356999397277832,0.25348401069641113,0.011820316314697266
827,0.0934758186340332,0.2545187473297119,0.012009859085083008
828,0.09386181831359863,0.2537100315093994,0.011829853057861328
829,0.09296345710754395,0.25385022163391113,0.011897087097167969
830,0.09303522109985352,0.2536580562591553,0.012025833129882812
831,0.09321784973144531,0.25354790687561035,0.011914730072021484
832,0.09323310852050781,0.25373101234436035,0.01254582405090332
833,0.0929555892944336,0.2537665367126465,0.012248039245605469
834,0.09308052062988281,0.2539050579071045,0.011909723281860352
835,0.09317302703857422,0.2537872791290283,0.011904478073120117
836,0.0936579704284668,0.2541322708129883,0.011703014373779297
837,0.09299111366271973,0.2534749507904053,0.011686325073242188
838,0.09318280220031738,0.2536911964416504,0.011673212051391602
839,0.09311795234680176,0.25410914421081543,0.011970043182373047
840,0.09291815757751465,0.2538776397705078,0.011893033981323242
841,0.09307217597961426,0.25452375411987305,0.012049198150634766
842,0.09296345710754395,0.2534904479980469,0.011659860610961914
843,0.09295463562011719,0.2537343502044678,0.011838197708129883
844,0.09309935569763184,0.2542855739593506,0.012161970138549805
845,0.09333992004394531,0.2537362575531006,0.011973381042480469
846,0.0930488109588623,0.25380611419677734,0.011875391006469727
847,0.09295368194580078,0.2539372444152832,0.012247800827026367
848,0.09336996078491211,0.2534162998199463,0.011581897735595703
849,0.0931398868560791,0.253558874130249,0.0116424560546875
850,0.09357905387878418,0.25399231910705566,0.012152433395385742
851,0.09343910217285156,0.253817081451416,0.011547088623046875
852,0.09315896034240723,0.2538449764251709,0.011852741241455078
853,0.09315228462219238,0.2543160915374756,0.011811017990112305
854,0.09325098991394043,0.25298285484313965,0.012017965316772461
855,0.09328675270080566,0.2535398006439209,0.011918306350708008
856,0.09339165687561035,0.25365328788757324,0.011643648147583008
857,0.09292149543762207,0.253692626953125,0.011883020401000977
858,0.09295535087585449,0.25367069244384766,0.012381315231323242
859,0.09349441528320312,0.25414109230041504,0.01185917854309082
860,0.09345126152038574,0.2537720203399658,0.011967897415161133
861,0.09325742721557617,0.25408482551574707,0.012028694152832031
862,0.09284305572509766,0.2534675598144531,0.011883974075317383
863,0.0929114818572998,0.2541232109069824,0.011564493179321289
864,0.09291601181030273,0.2539513111114502,0.012087583541870117
865,0.0929257869720459,0.253798246383667,0.011762857437133789
866,0.09299015998840332,0.253551721572876,0.012147665023803711
867,0.0931389331817627,0.25456953048706055,0.011732339859008789
868,0.09322452545166016,0.2536325454711914,0.012115001678466797
869,0.09290385246276855,0.25374388694763184,0.011656999588012695
870,0.09305214881896973,0.25327372550964355,0.012033462524414062
871,0.09300470352172852,0.25364041328430176,0.011569976806640625
872,0.09292340278625488,0.25401854515075684,0.01218557357788086
873,0.09341669082641602,0.2537112236022949,0.011806726455688477
874,0.09317207336425781,0.253765344619751,0.012071371078491211
875,0.09372854232788086,0.25423264503479004,0.01217508316040039
876,0.09335136413574219,0.25362682342529297,0.011902093887329102
877,0.09337401390075684,0.25432872772216797,0.011928558349609375
878,0.09314513206481934,0.2539403438568115,0.011921405792236328
879,0.09289813041687012,0.25302577018737793,0.012188911437988281
880,0.09282660484313965,0.2534041404724121,0.011717557907104492
881,0.09292340278625488,0.25341200828552246,0.012032747268676758
882,0.09326052665710449,0.2534065246582031,0.011899948120117188
883,0.09278440475463867,0.25355100631713867,0.012011528015136719
884,0.09323477745056152,0.2536499500274658,0.011855125427246094
885,0.09287738800048828,0.25357818603515625,0.012235403060913086
886,0.09316396713256836,0.25391530990600586,0.011935949325561523
887,0.0932776927947998,0.25404930114746094,0.01151895523071289
888,0.09313440322875977,0.253795862197876,0.01189875602722168
889,0.09305810928344727,0.25383734703063965,0.011691570281982422
890,0.09339213371276855,0.25386977195739746,0.012042522430419922
891,0.09297442436218262,0.25394105911254883,0.011804580688476562
892,0.09331440925598145,0.25368428230285645,0.011931180953979492
893,0.09285926818847656,0.25339674949645996,0.011741876602172852
894,0.09313821792602539,0.2537992000579834,0.012119293212890625
895,0.09329891204833984,0.2539846897125244,0.011886835098266602
896,0.09321045875549316,0.25371766090393066,0.011672496795654297
897,0.0934743881225586,0.2538132667541504,0.012035846710205078
898,0.09304380416870117,0.25411295890808105,0.012053251266479492
899,0.092987060546875,0.25406742095947266,0.01187276840209961
900,0.09306812286376953,0.25398826599121094,0.011923074722290039
901,0.09326338768005371,0.25436997413635254,0.011845588684082031
902,0.09307503700256348,0.25386977195739746,0.012163639068603516
903,0.09328937530517578,0.2541213035583496,0.012166738510131836
904,0.09362649917602539,0.2538623809814453,0.011673212051391602
905,0.09314250946044922,0.25380945205688477,0.012244939804077148
906,0.09320759773254395,0.2541201114654541,0.011461734771728516
907,0.0931100845336914,0.25417017936706543,0.011735200881958008
908,0.09286642074584961,0.25390052795410156,0.01165771484375
909,0.09315681457519531,0.2537119388580322,0.012076854705810547
910,0.09311819076538086,0.25440025329589844,0.01173853874206543
911,0.09306812286376953,0.2537267208099365,0.012189865112304688
912,0.09318375587463379,0.25359535217285156,0.012171506881713867
913,0.09345817565917969,0.25379419326782227,0.011713266372680664
914,0.09303689002990723,0.2541470527648926,0.011924028396606445
915,0.09317684173583984,0.2541346549987793,0.01202845573425293
916,0.0931239128112793,0.25363612174987793,0.012107372283935547
917,0.09305000305175781,0.2544898986816406,0.011725425720214844
918,0.09293127059936523,0.25330424308776855,0.01181793212890625
919,0.09289288520812988,0.2542874813079834,0.012181520462036133
920,0.09332036972045898,0.2540450096130371,0.01178431510925293
921,0.0931854248046875,0.25354623794555664,0.012068986892700195
922,0.0930945873260498,0.2536585330963135,0.011488199234008789
923,0.0932610034942627,0.25331568717956543,0.011937856674194336
924,0.09334993362426758,0.25363731384277344,0.01192164421081543
925,0.09329462051391602,0.2540769577026367,0.011548757553100586
926,0.0930171012878418,0.25390076637268066,0.011736392974853516
927,0.0933067798614502,0.25363779067993164,0.01179814338684082
928,0.0930171012878418,0.25362205505371094,0.012010812759399414
929,0.09313607215881348,0.2543525695800781,0.012292861938476562
930,0.09326720237731934,0.2536282539367676,0.011565923690795898
931,0.09290051460266113,0.2538931369781494,0.012012720108032227
932,0.09293246269226074,0.25351428985595703,0.01234126091003418
933,0.09303498268127441,0.2543294429779053,0.012380123138427734
934,0.09351134300231934,0.25357985496520996,0.011945962905883789
935,0.09322500228881836,0.2538180351257324,0.01209568977355957
936,0.093109130859375,0.2541618347167969,0.011839628219604492
937,0.09292364120483398,0.2531092166900635,0.011838912963867188
938,0.09341931343078613,0.2544121742248535,0.012471914291381836
939,0.09312152862548828,0.25414586067199707,0.011503934860229492
940,0.09289050102233887,0.25363802909851074,0.011654853820800781
941,0.09310650825500488,0.2539968490600586,0.012068033218383789
942,0.0928645133972168,0.254378080368042,0.011618614196777344
943,0.09276533126831055,0.2533245086669922,0.011876583099365234
944,0.09308743476867676,0.2540907859802246,0.011675596237182617
945,0.09313178062438965,0.2546370029449463,0.011548519134521484
946,0.0935370922088623,0.2539370059967041,0.012041091918945312
947,0.09279656410217285,0.2537415027618408,0.01197195053100586
948,0.09377670288085938,0.2539558410644531,0.011852025985717773
949,0.09300518035888672,0.2539844512939453,0.011745452880859375
950,0.09286379814147949,0.25325655937194824,0.012351036071777344
951,0.09277558326721191,0.25379443168640137,0.01175546646118164
952,0.09369111061096191,0.25397539138793945,0.011961936950683594
953,0.0930626392364502,0.2537515163421631,0.012170076370239258
954,0.09339261054992676,0.2539851665496826,0.011701345443725586
955,0.09324121475219727,0.25359654426574707,0.012052774429321289
956,0.09336638450622559,0.25431394577026367,0.011920690536499023
957,0.09299731254577637,0.25340938568115234,0.011809825897216797
958,0.09348106384277344,0.25394606590270996,0.011705160140991211
959,0.09307670593261719,0.2538118362426758,0.012052059173583984
960,0.09333992004394531,0.25338101387023926,0.012007951736450195
961,0.09288573265075684,0.2540581226348877,0.012035131454467773
962,0.09333324432373047,0.25288867950439453,0.011921882629394531
963,0.09302735328674316,0.2538621425628662,0.012047290802001953
964,0.0929408073425293,0.2544820308685303,0.01158452033996582
965,0.09306526184082031,0.25351619720458984,0.011713981628417969
966,0.09285736083984375,0.2537825107574463,0.011789321899414062
967,0.09298110008239746,0.25359511375427246,0.011978626251220703
968,0.09318995475769043,0.252910852432251,0.011890649795532227
969,0.09301900863647461,0.25396084785461426,0.011949300765991211
970,0.09314489364624023,0.25403571128845215,0.012326955795288086
971,0.09298563003540039,0.25396108627319336,0.011923074722290039
972,0.0930943489074707,0.2538292407989502,0.011937141418457031
973,0.09338021278381348,0.2538902759552002,0.011701822280883789
974,0.09296131134033203,0.25371694564819336,0.011970996856689453
975,0.09374332427978516,0.2546849250793457,0.011804342269897461
976,0.09293508529663086,0.2533423900604248,0.012059450149536133
977,0.09331035614013672,0.2537727355957031,0.011861801147460938
978,0.09342432022094727,0.253556489944458,0.01186370849609375
979,0.09296035766601562,0.253631591796875,0.011715412139892578
980,0.0928506851196289,0.253648042678833,0.011974096298217773
981,0.09301590919494629,0.25415945053100586,0.011564016342163086
982,0.09301471710205078,0.25295209884643555,0.012179136276245117
983,0.09272575378417969,0.25368309020996094,0.012433052062988281
984,0.09379839897155762,0.2539858818054199,0.012246370315551758
985,0.09341621398925781,0.2538590431213379,0.011885643005371094
986,0.09319663047790527,0.2540724277496338,0.011816263198852539
987,0.09326577186584473,0.2542285919189453,0.011745929718017578
988,0.09337353706359863,0.2538440227508545,0.012031316757202148
989,0.09280776977539062,0.2539403438568115,0.01195383071899414
990,0.09373164176940918,0.25382351875305176,0.01199197769165039
991,0.0934910774230957,0.2537670135498047,0.011965751647949219
992,0.09333491325378418,0.2540006637573242,0.01221466064453125
993,0.0928351879119873,0.2543001174926758,0.011829376220703125
994,0.09282135963439941,0.25405144691467285,0.012017488479614258
995,0.09374046325683594,0.2546391487121582,0.011908292770385742
996,0.0933535099029541,0.25366973876953125,0.011635780334472656
997,0.09349274635314941,0.25350332260131836,0.012174606323242188
998,0.09320807456970215,0.25389766693115234,0.011701822280883789
999,0.0928955078125,0.2538642883300781,0.012119770050048828
